Company Name ,Account Number,Country ,Reporting Year,Ticker Symbol ,ISIN ,Disclosure Score,Performance Band,Parent Account ,Permission,Response Status,Scope 1 (metric tonnes CO2e),Scope 2 (metric tonnes CO2e),Country Location
3M Company,285,USA,2013,MMM US,US88579Y1010,70,D,,Public,AQ*,4540000,2230000,"(37.09024, -95.712891)"


ABB,282,Switzerland,2013,ABBN VX,CH0012221716,82,B,,Public,AQ*,819000,857000,"(46.818188, 8.227512)"
Abbott Laboratories,64,USA,2013,ABT US,US0028241000,84,B,,Public,AQ*,470781,537821,"(37.09024, -95.712891)"
Accenture,21318,Ireland,2013,ACN US,IE00B4BNMY34,92,B,,Public,AQ*,9383,224615,"(53.41291, -8.24389)"
Ace Ltd.,21320,Switzerland,2013,ACE US,CH0044328745,93,A,,Public,AQ*,12912,39791,"(46.818188, 8.227512)"
adidas AG,21380,Germany,2013,ADS GR,DE000A1EWWW0,86,B,,Public,AQ*,12169,57551,"(51.165691, 10.451526)"
"Adobe Systems, Inc.",333,USA,2013,ADBE US,US00724F1012,97,A,,Public,AQ*,2744,22995,"(37.09024, -95.712891)"
Advanced Info Service,236,Thailand,2013,ADVANC TB,TH0268010Z03,,,,,NR,,,"(15.870032, 100.992541)"
AFLAC Incorporated,362,USA,2013,AFL US,US0010551028,85,B,,Public,AQ*,3884,18536,"(37.09024, -95.712891)"
AIA Group Ltd.,36633,Hong Kong,2013,1299 HK,HK0000069689,,,,,NR,,,"(22.396428, 114.109497)"
Air Liquide,432,France,2013,AI FP,FR0000120073,88,B,,Public,AQ*,11272000,10853000,"(46.227638, 2.213749)"
"Air Products & Chemicals, Inc.",435,USA,2013,APD US,US0091581068,99,B,,Public,AQ*,14767209,10563030,"(37.09024, -95.712891)"
Airbus Group,21770,Netherlands,2013,AIR FP,NL0000235190,97,B,,Public,AQ*,581115,432092,"(52.132633, 5.291266)"
AKBANK T.A.Ş.,449,Turkey,2013,AKBNK TI,TRAAKBNK91N6,,B,,Not public,AQ*,,,"(38.963745, 35.243322)"
Alexion Pharmaceuticals,36634,USA,2013,ALXN US,US0153511094,,,,,NR,,,"(37.09024, -95.712891)"
"Allergan, Inc.",533,USA,2013,AGN US,US0184901025,91,B,,Public,AQ*,49128,52049,"(37.09024, -95.712891)"
Allianz SE,593,Germany,2013,ALV GR,DE0008404005,97,A-,Allianz Group,Public,AQ*,83443,176675,"(51.165691, 10.451526)"
Allstate Corporation,582,USA,2013,ALL US,US0200021014,96,B,,Public,AQ*,40796,150401,"(37.09024, -95.712891)"
"Altria Group, Inc.",628,USA,2013,MO US,US02209S1033,75,C,,Public,AQ*,283926,236169,"(37.09024, -95.712891)"
Amazon.com Inc.,658,USA,2013,AMZN US,US0231351067,,,,,NR,,,"(37.09024, -95.712891)"
Ambev - Cia de Bebidas das Américas,667,Brazil,2013,AMBV4 BZ,BRAMBVACNPR1,66,C,,Public,AQ*,757236,235799,"(-14.235004, -51.92528)"
America Movil,645,Mexico,2013,AMXL MM,MXP001691213,,,,,NR,,,"(23.634501, -102.552784)"
"American Electric Power Company, Inc.",689,USA,2013,AEP US,US0255371017,68,D,,Public,AQ*,121927400,,"(37.09024, -95.712891)"
American Express,692,USA,2013,AXP US,US0258161092,87,C,,Public,AQ*,23371,142667,"(37.09024, -95.712891)"
"American International Group, Inc.",699,USA,2013,AIG US,US0268747849,62,D,,Not public,AQ*,,,"(37.09024, -95.712891)"
American Tower Corp.,706,USA,2013,AMT US,US03027X1000,,,,Not public,DP,,,"(37.09024, -95.712891)"
"Amgen, Inc.",716,USA,2013,AMGN US,US0311621009,76,B,,Public,AQ*,119968,286679,"(37.09024, -95.712891)"
Anadarko Petroleum Corporation,745,USA,2013,APC US,US0325111070,75,C,,Public,AQ*,5056818,535843,"(37.09024, -95.712891)"
Anglo American,772,United Kingdom,2013,AAL LN,GB00B1XZS820,96,A,,Public,AQ*,8470754,9403534,"(55.378051, -3.435973)"
Anheuser Busch InBev,22350,Belgium,2013,ABI BB,BE0003793107,85,A,,Public,AQ*,2459221,1588297,"(50.503887, 4.469936)"
Antofagasta,820,United Kingdom,2013,ANTO LN,GB0000456144,92,C,,Public,AQ*,645371,1539442,"(55.378051, -3.435973)"
Apache Corporation,804,USA,2013,APA US,US0374111054,70,C,,Public,AQ*,10766000,1314000,"(37.09024, -95.712891)"
Apple Inc.,865,USA,2013,AAPL US,US0378331005,,,,,NR,,,"(37.09024, -95.712891)"
Arcelor Mittal,904,Luxembourg,2013,MT NA,LU0323134006,88,B,,Public,AQ*,158192000,17256000,"(49.815273, 6.129583)"
Archer Daniels Midland,912,USA,2013,ADM US,US0394831020,,,,,NR,,,"(37.09024, -95.712891)"
ASML Holding,1048,Netherlands,2013,ASML NA,NL0010273215,,,,Public,DP,,,"(52.132633, 5.291266)"
Assicurazioni Generali Spa,1076,Italy,2013,G IM,IT0000062072,87,A,,Public,AQ*,17861.7,47876.6,"(41.87194, 12.56738)"
Associated British Foods,1085,United Kingdom,2013,ABF LN,GB0006731235,85,B,,Public,AQ*,2295328,1067934,"(55.378051, -3.435973)"
Astellas Pharma Inc.,1051,Japan,2013,4503 JP,JP3942400007,88,B,,Public,AQ*,85937,125398,"(36.204824, 138.252924)"
Astra International,1053,Indonesia,2013,ASII IJ,ID1000122807,32,,,Not public,AQ*,,,"(-0.789275, 113.921327)"
AstraZeneca,1104,United Kingdom,2013,AZN LN,GB0009895292,85,B,,Public,AQ*,340800,286200,"(55.378051, -3.435973)"
AT&T Inc.,1113,USA,2013,T US,US00206R1023,96,B,,Public,AQ*,948441,7894626,"(37.09024, -95.712891)"
Atlas Copco,1144,Sweden,2013,ATCOA SS,SE0000101032,93,B,,Public,AQ*,29464,75561,"(60.128161, 18.643501)"
Australia and New Zealand Banking Group,1187,Australia,2013,ANZ AU,AU000000ANZ3,92,A-,,Public,AQ*,16428,205462,"(-25.274398, 133.775136)"
"Automatic Data Processing, Inc.",1203,USA,2013,ADP US,US0530151036,83,C,,Public,AQ*,15500,157100,"(37.09024, -95.712891)"
Aviva,1268,United Kingdom,2013,AV/ LN,GB0002162385,79,B,,Public,AQ*,23849,75733,"(55.378051, -3.435973)"
AXA Group,1287,France,2013,CS FP,FR0000120628,94,A,,Public,AQ*,51886.1,119929.95,"(46.227638, 2.213749)"
Axiata Group Berhad,21419,Malaysia,2013,AXIATA MK,MYL6888OO001,,,,,NR,,,"(4.210484, 101.975766)"
BAE Systems,1344,United Kingdom,2013,BA/ LN,GB0002634946,69,C,,Public,AQ*,277920,590760,"(55.378051, -3.435973)"
Baker Hughes Incorporated,1356,USA,2013,BHI US,US0572241075,90,B,,Public,AQ*,516000,425000,"(37.09024, -95.712891)"
Banco Bradesco S/A,1395,Brazil,2013,BBDC4 BZ,BRBBDCACNPR8,76,C,,Public,AQ*,4780,30219,"(-14.235004, -51.92528)"
Banco do Brasil S/A,1405,Brazil,2013,BBAS3 BZ,BRBBASACNOR3,60,C,,Public,AQ*,7443.9,54348.16,"(-14.235004, -51.92528)"
Banco Santander,1441,Spain,2013,SAN SM,ES0113900J37,84,B,,Public,AQ*,31857,342928,"(40.463667, -3.74922)"
Banco Santander Brasil,31393,Brazil,2013,SANB3 BZ,BRSANBACNOR8,64,C,,Public,AQ*,15790,22861,"(-14.235004, -51.92528)"
Bank Central Asia,21417,Indonesia,2013,BBCA IJ,ID1000109507,,,,,NR,,,"(-0.789275, 113.921327)"
Bank Mandiri,22129,Indonesia,2013,BMRI IJ,ID1000095003,,,,,NR,,,"(-0.789275, 113.921327)"
Bank of America,1452,USA,2013,BAC US,US0605051046,98,A,,Public,AQ*,116666,1421829,"(37.09024, -95.712891)"
Bank of China,1451,China,2013,3988 HK,CNE1000001Z5,,,,,NR,,,"(35.86166, 104.195397)"
Bank of Communications,1454,China,2013,3328 HK,CNE100000205,2,,,Public,AQ*,,,"(35.86166, 104.195397)"
Bank of Montreal,1417,Canada,2013,BMO CN,CA0636711016,94,B,,Public,AQ*,20932.55,86853.06,"(56.130366, -106.346771)"
Bank of Nova Scotia (Scotiabank),1470,Canada,2013,BNS CN,CA0641491075,72,C,,Public,AQ*,16310,128052,"(56.130366, -106.346771)"
Barclays,1502,United Kingdom,2013,BARC LN,GB0031348658,92,A,,Public,AQ*,46757,786547,"(55.378051, -3.435973)"
Barrick Gold Corporation,1536,Canada,2013,ABX CN,CA0679011084,87,B,,Public,AQ*,3784179.51,2229368.38,"(56.130366, -106.346771)"
BASF SE,1516,Germany,2013,BAS GR,DE000BASF111,100,A-,,Public,AQ*,20208000,4479000,"(51.165691, 10.451526)"
Baxter International Inc.,1574,USA,2013,BAX US,US0718131099,82,B,,Public,AQ*,345000,445000,"(37.09024, -95.712891)"
Bayer AG,1581,Germany,2013,BAYN GR,DE000BAY0017,99,A-,,Public,AQ*,4240000,4120000,"(51.165691, 10.451526)"
BB&T Corporation,1610,USA,2013,BBT US,US0549371070,,,,,NR,,,"(37.09024, -95.712891)"
BBVA,1613,Spain,2013,BBVA SM,ES0113211835,76,D,,Public,AQ*,9267,295771,"(40.463667, -3.74922)"
BCE Inc.,1616,Canada,2013,BCE CN,CA05534B7604,91,B,,Public,AQ*,99151,186890,"(56.130366, -106.346771)"
Beiersdorf AG,1641,Germany,2013,BEI GR,DE0005200000,51,C,,Public,AQ*,22071,51571,"(51.165691, 10.451526)"
Belle International,1657,Hong Kong,2013,1880 HK,KYG097021045,,,,,NR,,,"(22.396428, 114.109497)"
Berkshire Hathaway,1718,USA,2013,BRK/B US,US0846707026,,,,,NR,,,"(37.09024, -95.712891)"
BG Group,1785,United Kingdom,2013,BG/ LN,GB0008762899,89,A,,Public,AQ*,7739569,20295,"(55.378051, -3.435973)"
Bharti Airtel,1804,India,2013,BHARTI IN,INE397D01024,,,,,NR,,,"(20.593684, 78.96288)"
BHP Billiton,1808,United Kingdom,2013,BHP AU,AU000000BHP4,75,C,,Public,AQ*,20200000,20000000,"(55.378051, -3.435973)"
Biogen Idec Inc.,1857,USA,2013,BIIB US,US09062X1037,92,B,,Public,AQ*,46588,39307,"(37.09024, -95.712891)"
BlackRock,1875,USA,2013,BLK US,US09247X1019,79,C,,Not public,AQ*,,,"(37.09024, -95.712891)"
BMW AG,1932,Germany,2013,BMW GR,DE0005190003,100,A,,Public,AQ*,484612,862214,"(51.165691, 10.451526)"
BNP Paribas,1907,France,2013,BNP FP,FR0000131104,93,A,,Public,AQ*,70319,388323,"(46.227638, 2.213749)"
BNY Mellon,1464,USA,2013,BK US,US0640581007,100,A,,Public,AQ*,9513,208926,"(37.09024, -95.712891)"
BOC Hong Kong,1957,Hong Kong,2013,2388 HK,HK2388011192,,,,Not public,AQ*,,,"(22.396428, 114.109497)"
Boeing Company,2017,USA,2013,BA US,US0970231058,96,A-,,Public,AQ*,576000,998000,"(37.09024, -95.712891)"
BP,2083,United Kingdom,2013,BP/ LN,GB0007980591,80,C,,Public,AQ*,59830000,8360000,"(55.378051, -3.435973)"
BRF S.A,21473,Brazil,2013,BRFS3 BZ,BRBRFSACNOR8,83,B,,Not public,AQ*,,,"(-14.235004, -51.92528)"
Bridgestone Corporation,2156,Japan,2013,5108 JP,JP3830800003,93,B,,Not public,AQ*,,,"(36.204824, 138.252924)"
Bristol-Myers Squibb,2191,USA,2013,BMY US,US1101221083,96,B,,Public,AQ*,269734,262565,"(37.09024, -95.712891)"
British American Tobacco,2269,United Kingdom,2013,BATS LN,GB0002875804,94,B,,Public,AQ*,359184,387168,"(55.378051, -3.435973)"
British Sky Broadcasting,2302,United Kingdom,2013,BSY LN,GB0001411924,95,A,,Public,AQ*,20972,80458,"(55.378051, -3.435973)"
Brookfield Asset Management Inc.,2330,Canada,2013,BAM/A CN,CA1125851040,63,D,,Public,AQ*,67649,587875,"(56.130366, -106.346771)"
BT Group,2377,United Kingdom,2013,BT/A LN,GB0030913577,93,A,,Public,AQ*,200876,192644,"(55.378051, -3.435973)"
Canadian Imperial Bank of Commerce (CIBC),2683,Canada,2013,CM CN,CA1360691010,61,D,,Public,AQ*,21079,54959,"(56.130366, -106.346771)"
Canadian National Railway Company,2656,Canada,2013,CNR CN,CA1363751027,91,B,,Public,AQ*,5070123,173129,"(56.130366, -106.346771)"
Canadian Natural Resources Limited,2667,Canada,2013,CNQ CN,CA1363851017,66,D,,Public,AQ*,18242506,1793837,"(56.130366, -106.346771)"
Canon Inc.,2688,Japan,2013,7751 JP,JP3242800005,85,B,,Public,AQ*,145283,921409,"(36.204824, 138.252924)"
Capital One Financial,2695,USA,2013,COF US,US14040H1059,71,C,,Public,AQ*,14501,194433,"(37.09024, -95.712891)"
Carnival Corporation,2870,United Kingdom,2013,CCL US,PA1436583006,83,C,,Public,AQ*,10819814,57585,"(55.378051, -3.435973)"
Carrefour,2880,France,2013,CA FP,FR0000120172,80,B,,Public,AQ*,1630800,1585600,"(46.227638, 2.213749)"
Caterpillar Inc.,2918,USA,2013,CAT US,US1491231015,,,,Public,IN,,,"(37.09024, -95.712891)"
CBS Corp.,2942,USA,2013,CBS US,US1248572026,24,,,Public,AQ*,,,"(37.09024, -95.712891)"
Celgene Corporation,2982,USA,2013,CELG US,US1510201049,80,C,,Public,AQ*,14458,18420,"(37.09024, -95.712891)"
Cenovus Energy Inc.,29789,Canada,2013,CVE CN,CA15135U1093,94,B,,Public,AQ*,4657427,1079646,"(56.130366, -106.346771)"
Centrica,3042,United Kingdom,2013,CNA LN,GB00B033F229,97,B,,Public,AQ*,7230344,166476,"(55.378051, -3.435973)"
CenturyLink,31497,USA,2013,CTL US,US1567001060,66,D,,Public,AQ*,279522.5,2079911.5,"(37.09024, -95.712891)"
CEZ,3082,Czech Republic,2013,CEZ CP,CZ0005112300,,,,,NR,,,"(49.817492, 15.472962)"
Charles Schwab Corporation,3133,USA,2013,SCHW US,US8085131055,55,E,,Not public,AQ*,,,"(37.09024, -95.712891)"
Cheung Kong,3188,Hong Kong,2013,1 HK,HK0001000014,,,,,NR,,,"(22.396428, 114.109497)"
Chevron Corporation,3191,USA,2013,CVX US,US1667641005,97,A-,,Public,AQ*,58559220,3849319,"(37.09024, -95.712891)"
China Construction Bank,3182,China,2013,939 HK,CNE1000002H1,,,,Not public,AQ*,,,"(35.86166, 104.195397)"
China Life Insurance Company Limited,22650,China,2013,601628 CH,CNE000001Q93,,,,Not public,AQ*,,,"(35.86166, 104.195397)"
China Mobile,3229,China,2013,941 HK,HK0941009539,,,,Not public,AQ*,,,"(35.86166, 104.195397)"
China Overseas Land & Investment,3235,China,2013,688 HK,HK0688002218,,,,,NR,,,"(35.86166, 104.195397)"
China Petroleum & Chemical Corporation,3242,China,2013,386 HK,CNE1000002Q2,,,,Public,AQ*,,,"(35.86166, 104.195397)"
China Telecom,3244,China,2013,728 HK,CNE1000002V2,,,,Not public,AQ*,,,"(35.86166, 104.195397)"
China Unicom,3248,Hong Kong,2013,762 HK,HK0000049939,2,,,Public,AQ*,,,"(22.396428, 114.109497)"
Christian Dior,3280,France,2013,CDI FP,FR0000130403,59,E,,Not public,AQ*,,,"(46.227638, 2.213749)"
Chunghwa Telecom,3320,Taiwan,2013,2412 TT,TW0002412004,65,D,,Public,AQ*,23168.85,785792.42,"(23.69781, 120.960515)"
Cielo SA,23095,Brazil,2013,CIEL3 BZ,BRCIELACNOR3,53,E,,Public,AQ*,1564.17,285.49,"(-14.235004, -51.92528)"
CIMB Group Holdings,21414,Malaysia,2013,CIMB MK,MYL1023OO000,,,,,NR,,,"(4.210484, 101.975766)"
"Cisco Systems, Inc.",3329,USA,2013,CSCO US,US17275R1023,100,A,,Public,AQ*,65832,628164,"(37.09024, -95.712891)"
Citigroup Inc.,3398,USA,2013,C US,US1729674242,95,B,,Public,AQ*,35569.83,993687.28,"(37.09024, -95.712891)"
CLP Holdings Limited,3503,Hong Kong,2013,2 HK,HK0002007356,94,B,,Public,AQ*,38245000,219000,"(22.396428, 114.109497)"
CNOOC,3527,China,2013,883 HK,HK0883013259,22,,,Not public,AQ*,,,"(35.86166, 104.195397)"
Coal India,31913,India,2013,COAL IN,INE522F01014,,,,,NR,,,"(20.593684, 78.96288)"
Cognizant Technology Solutions Corp.,3588,USA,2013,CTSH US,US1924461023,64,C,,Public,AQ*,46934,137460,"(37.09024, -95.712891)"
Colgate Palmolive Company,3551,USA,2013,CL US,US1941621039,99,B,,Public,AQ*,232574,435061,"(37.09024, -95.712891)"
Comcast Corporation,3635,USA,2013,CMCSA US,US20030N1019,,,,Public,IN,,,"(37.09024, -95.712891)"
Commonwealth Bank of Australia,3649,Australia,2013,CBA AU,AU000000CBA7,94,A,,Public,AQ*,11160,145989,"(-25.274398, 133.775136)"
Compagnie Financière Richemont SA,3672,Switzerland,2013,CFR VX,CH0045039655,79,B,,Public,AQ*,18600,45200,"(46.818188, 8.227512)"
Compass,3692,United Kingdom,2013,CPG LN,GB0005331532,82,C,,Public,AQ*,76140.58,9063.97,"(55.378051, -3.435973)"
ConocoPhillips,3751,USA,2013,COP US,US20825C1045,83,B,,Public,AQ*,24171000,1638000,"(37.09024, -95.712891)"
Continental AG,3818,Germany,2013,CON GR,DE0005439004,82,C,,Public,AQ*,591681,1860558,"(51.165691, 10.451526)"
Corning Incorporated,23254,USA,2013,GLW US,US2193501051,54,D,,Public,AQ*,383729,1129330,"(37.09024, -95.712891)"
Costco Wholesale Corporation,3944,USA,2013,COST US,US22160K1051,45,,,Public,AQ*,362802,1197983,"(37.09024, -95.712891)"
Covidien Ltd.,3943,Ireland,2013,COV US,IE00B68SQD29,70,C,,Public,AQ*,230511,402132,"(53.41291, -8.24389)"
Credit Agricole,4050,France,2013,ACA FP,FR0000045072,59,D,,Public,AQ*,10241,18149,"(46.227638, 2.213749)"
Credit Suisse,4035,Switzerland,2013,CSGN VX,CH0012138530,88,B,,Public,AQ*,23511,151561,"(46.818188, 8.227512)"
Crown Castle International Corp,31501,USA,2013,CCI US,US2282271046,,,,,NR,,,"(37.09024, -95.712891)"
CSL,4052,Australia,2013,CSL AU,AU000000CSL8,85,C,,Public,AQ*,55383,136951,"(-25.274398, 133.775136)"
CSX Corporation,4120,USA,2013,CSX US,US1264081035,95,A,,Public,AQ*,5268905,300170,"(37.09024, -95.712891)"
Cummins Inc.,4136,USA,2013,CMI US,US2310211063,91,B,,Public,AQ*,232052,409890,"(37.09024, -95.712891)"
CVS Caremark Corporation,4151,USA,2013,CVS US,US1266501006,92,B,,Public,AQ*,201000,1495000,"(37.09024, -95.712891)"
Daimler AG,4235,Germany,2013,DAI GR,DE0007100000,100,A,,Public,AQ*,960464,2330559,"(51.165691, 10.451526)"
Danaher Corporation,4289,USA,2013,DHR US,US2358511028,12,,,Not public,AQ*,,,"(37.09024, -95.712891)"
Danone,4311,France,2013,BN FP,FR0000120644,93,B,,Public,AQ*,894206,847529,"(46.227638, 2.213749)"
DBS Group Holdings,4315,Singapore,2013,DBS SP,SG1L01001701,,,,,NR,,,"(1.352083, 103.819836)"
Deere & Company,4365,USA,2013,DE US,US2441991054,79,C,,Public,AQ*,440147,1053446,"(37.09024, -95.712891)"
Denso Corporation,4566,Japan,2013,6902 JP,JP3551500006,71,C,,Not public,AQ*,,,"(36.204824, 138.252924)"
Deutsche Bank AG,4645,Germany,2013,DBK GR,DE0005140008,91,A,,Public,AQ*,94031,443165,"(51.165691, 10.451526)"
Deutsche Post AG,4663,Germany,2013,DPW GR,DE0005552004,98,B,,Public,AQ*,4800000,570000,"(51.165691, 10.451526)"
Deutsche Telekom AG,4667,Germany,2013,DTE GR,DE0005557508,90,B,,Public,AQ*,356128,3291232,"(51.165691, 10.451526)"
Devon Energy Corporation,4678,USA,2013,DVN US,US25179M1036,86,B,,Public,AQ*,7596657,1087905,"(37.09024, -95.712891)"
Diageo Plc,4702,United Kingdom,2013,DGE LN,GB0002374006,98,A,,Public,AQ*,597619,83898,"(55.378051, -3.435973)"
DIRECTV,4773,USA,2013,DTV US,US25490A3095,91,B,,Public,AQ*,106060,88145,"(37.09024, -95.712891)"
Discover Financial Services,4768,USA,2013,DFS US,US2547091080,,,,Public,IN,,,"(37.09024, -95.712891)"
DNB ASA,21537,Norway,2013,DNB NO,NO0010031479,84,B,,Public,AQ*,1571,13587,"(60.472024, 8.468946)"
"Dominion Resources, Inc.",4832,USA,2013,D US,US25746U1097,,,,Not public,DP,,,"(37.09024, -95.712891)"
Dow Chemical Company,4826,USA,2013,DOW US,US2605431038,90,B,,Public,AQ*,27429000,8403000,"(37.09024, -95.712891)"
Duke Energy Corporation,5052,USA,2013,DUK US,US26441C2044,67,C,,Public,AQ*,123430000,,"(37.09024, -95.712891)"
E.I. du Pont de Nemours and Company,5115,USA,2013,DD US,US2635341090,96,A,,Public,AQ*,10817680,4416220,"(37.09024, -95.712891)"
E.ON SE,5108,Germany,2013,EOAN GR,DE000ENAG999,83,B,,Public,AQ*,126871536,4363825,"(51.165691, 10.451526)"
East Japan Railway Company,5145,Japan,2013,9020 JP,JP3783600004,78,C,,Not public,AQ*,,,"(36.204824, 138.252924)"
Eaton Corporation,5194,USA,2013,ETN US,IE00B8KQN827,100,A-,,Public,AQ*,105382,637346,"(37.09024, -95.712891)"
eBay Inc.,5197,USA,2013,EBAY US,US2786421030,75,D,,Public,AQ*,14374,225952,"(37.09024, -95.712891)"
Ecolab Inc.,5154,USA,2013,ECL US,US2788651006,98,A,,Public,AQ*,336258,199296,"(37.09024, -95.712891)"
Ecopetrol Sa,22341,Colombia,2013,ECOPETL CB,COC04PA00016,48,,,Not public,AQ*,,,"(4.570868, -74.297333)"
EDF,5369,France,2013,EDF FP,FR0010242511,95,B,,Public,AQ*,80283556,74004,"(46.227638, 2.213749)"
Eli Lilly & Co.,5377,USA,2013,LLY US,US5324571083,86,B,,Public,AQ*,415040,1160941,"(37.09024, -95.712891)"
EMC Corporation,5395,USA,2013,EMC US,US2686481027,97,A,,Public,AQ*,45886,368528,"(37.09024, -95.712891)"
Emerson Electric Co.,5521,USA,2013,EMR US,US2910111044,,,,Public,AQ*,264967,,"(37.09024, -95.712891)"
Empresas COPEC S.A.,3283,Chile,2013,COPEC CI,CLP7847L1080,32,,,Not public,AQ*,,,"(-35.675147, -71.542969)"
Enbridge Inc.,5581,Canada,2013,ENB CN,CA29250N1050,85,C,,Public,AQ*,3091100,2982900,"(56.130366, -106.346771)"
Endesa,5584,Spain,2013,ELE SM,ES0130670112,98,B,ENEL SpA,Public,AQ*,54676230,1317120.3,"(40.463667, -3.74922)"
ENEL SpA,5574,Italy,2013,ENEL IM,IT0003128367,87,B,,Public,AQ*,127801261,1140337,"(41.87194, 12.56738)"
Eni SpA,5634,Italy,2013,ENI IM,IT0003132476,92,B,,Public,AQ*,52493340,834197,"(41.87194, 12.56738)"
"EOG Resources, Inc.",5767,USA,2013,EOG US,US26875P1012,,,,Public,AQ*,,,"(37.09024, -95.712891)"
Equity Residential,5798,USA,2013,EQR US,US29476L1070,,,,Not public,DP,,,"(37.09024, -95.712891)"
Ericsson,5811,Sweden,2013,ERICB SS,SE0000108656,85,B,,Public,AQ*,92335,263003,"(60.128161, 18.643501)"
Essilor International,5879,France,2013,EI FP,FR0000121667,28,,,Public,AQ*,,55100,"(46.227638, 2.213749)"
Exelon Corporation,6113,USA,2013,EXC US,US30161N1019,98,A,,Public,AQ*,26038890,5691542,"(37.09024, -95.712891)"
Express Scripts Holding Company,11623,USA,2013,MHS US,US58405U1025,,,,Not public,DP,,,"(37.09024, -95.712891)"
Exxon Mobil Corporation,6136,USA,2013,XOM US,US30231G1022,80,B,,Public,AQ*,132000000,14000000,"(37.09024, -95.712891)"
Facebook,40556,USA,2013,FB US,,,,,,NR,,,"(37.09024, -95.712891)"
Fanuc Corporation,6204,Japan,2013,6954 JP,JP3802400006,,,,,NR,,,"(36.204824, 138.252924)"
"Fast Retailing Co., Ltd.",6161,Japan,2013,9983 JP,JP3802300008,,,,,NR,,,"(36.204824, 138.252924)"
FedEx Corporation,6287,USA,2013,FDX US,US31428X1063,80,B,,Public,AQ*,14602697,959109,"(37.09024, -95.712891)"
Femsa - Fomento Economico Mexicano,22113,Mexico,2013,FEMSAUBD MM,MXP320321310,73,C,,Not public,AQ*,,,"(23.634501, -102.552784)"
Firstrand Limited,6436,South Africa,2013,FSR SJ,ZAE000066304,96,A,,Public,AQ*,11571.98,257171.66,"(-30.559482, 22.937506)"
Ford Motor Company,6595,USA,2013,F US,US3453708600,72,C,,Public,AQ*,1698799,3440338,"(37.09024, -95.712891)"
Formosa Petrochemical,6602,Taiwan,2013,6505 TT,TW0006505001,,,Formosa Plastics Corp,,NR,,,"(23.69781, 120.960515)"
"Franklin Resources, Inc.",6684,USA,2013,BEN US,US3546131018,86,C,,Public,AQ*,8175,29552,"(37.09024, -95.712891)"
Freeport-McMoRan Copper & Gold Inc.,23228,USA,2013,FCX US,US35671D8570,86,C,,Public,AQ*,5679367,3985464,"(37.09024, -95.712891)"
Fresenius Medical Care AG & Co. KGaA,22171,Germany,2013,FME GR,DE0005785802,72,D,,Not public,AQ*,,,"(51.165691, 10.451526)"
Fresnillo plc,6806,Mexico,2013,FRES LN,GB00B2QPKJ12,68,D,,Public,AQ*,236183.87,346134.05,"(23.634501, -102.552784)"
Gas Natural SDG SA,7084,Spain,2013,GAS SM,ES0116870314,100,A,,Public,AQ*,26062058,956889,"(40.463667, -3.74922)"
Gazprom OAO,7047,Russia,2013,GAZP RM,RU0007661625,62,C,,Public,AQ*,133428139,5146743,"(61.52401, 105.318756)"
GDF Suez,7121,France,2013,GSZ FP,FR0010208488,95,B,,Public,AQ*,154230874,3712790,"(46.227638, 2.213749)"
General Dynamics Corporation,7147,USA,2013,GD US,US3695501086,,,,,NR,,,"(37.09024, -95.712891)"
General Electric Company,7166,USA,2013,GE US,US3696041033,72,C,,Public,AQ*,1970000,2905000,"(37.09024, -95.712891)"
General Growth Properties,7172,USA,2013,GGP US,US3700231034,,,,,NR,,,"(37.09024, -95.712891)"
General Mills Inc.,7156,USA,2013,GIS US,US3703341046,78,B,,Public,AQ*,259400,737000,"(37.09024, -95.712891)"
General Motors Company,7164,USA,2013,GM US,US37045V1008,100,A-,,Public,AQ*,2454755,5531380,"(37.09024, -95.712891)"
"Gilead Sciences, Inc.",7345,USA,2013,GILD US,US3755581036,,,,,NR,,,"(37.09024, -95.712891)"
GlaxoSmithKline,7374,United Kingdom,2013,GSK LN,GB0009252882,98,A,,Public,AQ*,1005447,804283,"(55.378051, -3.435973)"
Glencore International AG,35349,Switzerland,2013,GLEN LN,JE00B4T3BW64,82,C,,Not public,AQ*,,,"(46.818188, 8.227512)"
Goldcorp Inc.,7582,Canada,2013,G CN,CA3809564097,75,C,,Public,AQ*,734981,685344,"(56.130366, -106.346771)"
Goldman Sachs Group Inc.,7599,USA,2013,GS US,US38141G1040,98,A,,Public,AQ*,14559,276815,"(37.09024, -95.712891)"
Google Inc.,7616,USA,2013,GOOG US,US38259P5089,93,B,,Public,AQ*,37187,1149988,"(37.09024, -95.712891)"
Great-West Lifeco Inc.,7690,Canada,2013,GWO CN,CA39138C1068,67,B,Power Financial Corporation,Not public,AQ*,,,"(56.130366, -106.346771)"
GRUPO FINANCIERO INBURSA-O,23089,Mexico,2013,GFINBURO MM,MXP370641013,,,,,NR,,,"(23.634501, -102.552784)"
Grupo Mexico S.A.B. de CV,7834,Mexico,2013,GMEXICOB MM,MXP370841019,,,,,NR,,,"(23.634501, -102.552784)"
H&M Hennes & Mauritz AB,7903,Sweden,2013,HMB SS,SE0000106270,83,A,,Public,AQ*,15282,329630,"(60.128161, 18.643501)"
H.J. Heinz Company,8218,USA,2013,HNZ US,US4230741039,27,,,Not public,AQ*,,,"(37.09024, -95.712891)"
Halliburton Company,8027,USA,2013,HAL US,US4062161017,65,D,,Public,AQ*,4211808,839363,"(37.09024, -95.712891)"
Hang Seng Bank,8057,Hong Kong,2013,11 HK,HK0011000095,42,,HSBC Holdings plc,Public,AQ*,,24616.59,"(22.396428, 114.109497)"
HCP Inc.,23217,USA,2013,HCP US,US40414L1098,97,A-,,Public,AQ*,28940,216887,"(37.09024, -95.712891)"
HDFC Bank Ltd,8167,India,2013,HDFCB IN,INE040A01026,75,E,Housing Development Finance Corporation,Public,AQ*,5872.23,347770.21,"(20.593684, 78.96288)"
Heineken NV,8212,Netherlands,2013,HEIA NA,NL0000009165,96,B,Heineken Holding NV,Public,AQ*,1263773,737418,"(52.132633, 5.291266)"
Hermes International,8264,France,2013,RMS FP,FR0000052292,,,,,NR,,,"(46.227638, 2.213749)"
Hess Corporation,8274,USA,2013,HES US,US42809H1077,97,B,,Public,AQ*,7409486,584695,"(37.09024, -95.712891)"
Hewlett-Packard,23195,USA,2013,HPQ US,US4282361033,99,A,,Public,AQ*,246000,1643000,"(37.09024, -95.712891)"
Hindustan Unilever,8359,India,2013,HUVR IN,INE030A01027,,,Unilever plc,,SA,,,"(20.593684, 78.96288)"
"Hitachi, Ltd.",8338,Japan,2013,6501 JP,JP3788600009,95,B,,Public,AQ*,912154,3313114,"(36.204824, 138.252924)"
Holcim Ltd,8525,Switzerland,2013,HOLN VX,CH0012214059,82,C,,Public,AQ*,102102123,6600687,"(46.818188, 8.227512)"
Hon Hai Precision Industry,21422,Taiwan,2013,2317 TT,TW0002317005,,,Foxconn International Holdings,,SA,,,"(23.69781, 120.960515)"
Honda Motor Company,8566,Japan,2013,7267 JP,JP3854600008,99,A,,Public,AQ*,1410000,3540000,"(36.204824, 138.252924)"
Honeywell International Inc.,8553,USA,2013,HON US,US4385161066,74,B,,Public,AQ*,5532844,1756275,"(37.09024, -95.712891)"
Hong Kong & China Gas,8558,Hong Kong,2013,3 HK,HK0003000038,,,,,NR,,,"(22.396428, 114.109497)"
Hong Kong Exchanges & Clearing,8560,Hong Kong,2013,388 HK,HK0388045442,76,D,,Not public,AQ*,,,"(22.396428, 114.109497)"
Housing Development Finance Corporation,8594,India,2013,HDFC IN,INE001A01036,,,,,NR,,,"(20.593684, 78.96288)"
HSBC Holdings plc,8611,United Kingdom,2013,HSBA LN,GB0005405286,97,A,,Public,AQ*,64918,688827,"(55.378051, -3.435973)"
Husky Energy Inc.,8675,Canada,2013,HSE CN,CA4480551031,86,C,,Public,AQ*,9171000,2381000,"(56.130366, -106.346771)"
Hutchison Whampoa,8682,Hong Kong,2013,13 HK,HK0013000119,,,,,NR,,,"(22.396428, 114.109497)"
Hyundai Mobis,8713,South Korea,2013,012330 KS,KR7012330007,94,B,,Public,AQ*,40966.85,291956.94,"(35.907757, 127.766922)"
Hyundai Motor,8708,South Korea,2013,005380 KS,KR7005380001,87,B,,Public,AQ*,877211,1533990,"(35.907757, 127.766922)"
Iberdrola SA,8698,Spain,2013,IBE SM,ES0144580Y14,99,B,,Public,AQ*,35461092,7189301,"(40.463667, -3.74922)"
ICICI Bank Limited,8776,India,2013,ICICIBC IN,INE090A01013,,,,,NR,,,"(20.593684, 78.96288)"
"Illinois Tool Works, Inc.",8858,USA,2013,ITW US,US4523081093,79,C,,Not public,AQ*,,,"(37.09024, -95.712891)"
Imperial Oil,8886,Canada,2013,IMO CN,CA4530384086,62,D,,Public,AQ*,9780351,1367700,"(56.130366, -106.346771)"
Imperial Tobacco Group,8884,United Kingdom,2013,IMT LN,GB0004544929,83,B,,Public,AQ*,144153,163819,"(55.378051, -3.435973)"
Inditex,9031,Spain,2013,ITX SM,ES0148396015,80,B,,Public,AQ*,24478.97,290119.56,"(40.463667, -3.74922)"
Industrial And Commercial Bank Of China Limited,9039,China,2013,601398 CH,CNE000001P37,5,,,Not public,AQ*,,,"(35.86166, 104.195397)"
Industrias Peñoles,9065,Mexico,2013,PE&OLES* MM,MXP554091415,46,,,Public,AQ*,674687,1747388,"(23.634501, -102.552784)"
Infosys Limited,9080,India,2013,INFO IN,INE009A01021,92,A,,Public,AQ*,28014.6,134229.78,"(20.593684, 78.96288)"
ING Group,9033,Netherlands,2013,INGA NA,NL0000303600,96,B,,Public,AQ*,27039,87735,"(52.132633, 5.291266)"
Inpex Corporation,9134,Japan,2013,1605 JP,JP3294460005,96,B,,Public,AQ*,485041,27981,"(36.204824, 138.252924)"
Intel Corporation,9298,USA,2013,INTC US,US4581401001,85,B,,Public,AQ*,794759,2331048,"(37.09024, -95.712891)"
International Business Machines (IBM),9284,USA,2013,IBM US,US4592001014,86,B,,Public,AQ*,541584,2208459,"(37.09024, -95.712891)"
Intesa Sanpaolo S.p.A,9363,Italy,2013,ISP IM,IT0000072618,92,B,,Public,AQ*,58993.85,54539.09,"(41.87194, 12.56738)"
Intuitive Surgical Inc.,9367,USA,2013,ISRG US,US46120E6023,,,,,NR,,,"(37.09024, -95.712891)"
Itaú Unibanco Holding S.A.,9578,Brazil,2013,ITUB4 BZ,BRITUBACNPR1,83,C,,Public,AQ*,8856.8,48890.5,"(-14.235004, -51.92528)"
ITC Limited,9535,India,2013,ITC IN,INE154A01025,85,B,,Public,AQ*,1150203,172121,"(20.593684, 78.96288)"
Japan Tobacco Inc.,9712,Japan,2013,2914 JP,JP3726800000,96,B,,Not public,AQ*,,,"(36.204824, 138.252924)"
Jardine Matheson,9728,Hong Kong,2013,JM SP,BMG507361001,,,,,NR,,,"(22.396428, 114.109497)"
Jardine Strategic,9707,Hong Kong,2013,JS SP,BMG507641022,,,,,NR,,,"(22.396428, 114.109497)"
Johnson & Johnson,9829,USA,2013,JNJ US,US4781601046,98,A-,,Public,AQ*,329556,853700,"(37.09024, -95.712891)"
Johnson Controls,9831,USA,2013,JCI US,US4783661071,94,A-,,Public,AQ*,866181,1465658,"(37.09024, -95.712891)"
JPMorgan Chase & Co.,9871,USA,2013,JPM US,US46625H1005,91,B,,Public,AQ*,83343,1219748,"(37.09024, -95.712891)"
KDDI Corporation,9995,Japan,2013,9433 JP,JP3496400007,72,C,,Public,AQ*,2947,1032629,"(36.204824, 138.252924)"
Kellogg Company,10056,USA,2013,K US,US4878361082,84,B,,Public,AQ*,536069,671729,"(37.09024, -95.712891)"
Kering,14930,France,2013,KER FP,FR0000121485,90,B,,Public,AQ*,15078,98950,"(46.227638, 2.213749)"
Kia Motors,10076,South Korea,2013,000270 KS,KR7000270009,,,,Not public,DP,,,"(35.907757, 127.766922)"
Kimberly-Clark Corporation,10148,USA,2013,KMB US,US4943681035,72,C,,Public,AQ*,2461675,2967804,"(37.09024, -95.712891)"
Kinder Morgan Inc.,10150,USA,2013,KMI US,,,,,,NR,,,"(37.09024, -95.712891)"
Komatsu Ltd.,10239,Japan,2013,6301 JP,JP3304200003,95,A,,Public,AQ*,123754,354601,"(36.204824, 138.252924)"
Korea Electric Power Corporation,10268,South Korea,2013,015760 KS,KR7015760002,91,B,,Public,AQ*,1174220,132861,"(35.907757, 127.766922)"
Kraft Foods,10312,USA,2013,KRFT US,US50076Q1067,81,B,,Public,AQ*,477813,695225,"(37.09024, -95.712891)"
Kumba Iron Ore,10350,South Africa,2013,KIO SJ,ZAE000085346,98,B,Anglo American,Public,AQ*,448274,516315,"(-30.559482, 22.937506)"
Lafarge S.A.,10418,France,2013,LG FP,FR0000120537,96,B,,Public,AQ*,97354270,8907096,"(46.227638, 2.213749)"
Larsen & Toubro,10484,India,2013,LT IN,INE018A01030,83,B,,Public,AQ*,424351,248130,"(20.593684, 78.96288)"
Las Vegas Sands Corporation,10494,USA,2013,LVS US,US5178341070,98,A-,,Public,AQ*,225157,821527,"(37.09024, -95.712891)"
LG Chem,10667,South Korea,2013,051910 KS,KR7051910008,95,B,,Public,AQ*,4454747,1865116,"(35.907757, 127.766922)"
Linde AG,22158,Germany,2013,LIN GR,DE0006483001,93,A-,,Public,AQ*,6100000,9800000,"(51.165691, 10.451526)"
Lloyds Banking Group,10781,United Kingdom,2013,LLOY LN,GB0008706128,90,B,,Public,AQ*,49414,290726,"(55.378051, -3.435973)"
Lockheed Martin Corporation,10820,USA,2013,LMT US,US5398301094,91,A,,Public,AQ*,249491,985006,"(37.09024, -95.712891)"
L'Oréal,10389,France,2013,OR FP,FR0000120321,94,A,,Public,AQ*,66920,126500,"(46.227638, 2.213749)"
"Lowe's Companies, Inc.",11017,USA,2013,LOW US,US5486611073,85,D,,Public,AQ*,303721,2552740,"(37.09024, -95.712891)"
Lukoil,11043,Russia,2013,LKOH RU,RU0009024277,,,,Not public,DP,,,"(61.52401, 105.318756)"
Luxottica Group,11070,Italy,2013,LUX IM,IT0001479374,,,,Not public,DP,,,"(41.87194, 12.56738)"
LVMH,11063,France,2013,MC FP,FR0000121014,67,C,,Public,AQ*,48365,299150,"(46.227638, 2.213749)"
LyondellBasell Industries Cl A,11085,Netherlands,2013,DLY GR,NL0009434992,,,,,NR,,,"(52.132633, 5.291266)"
Magnit,22843,Russia,2013,MGNT RU,RU000A0JKQU8,,,,Not public,DP,,,"(61.52401, 105.318756)"
Malayan Banking,11289,Malaysia,2013,MAY MK,MYL1155OO000,67,C,,Public,AQ*,651.6,88426.6,"(4.210484, 101.975766)"
Manulife Financial Corp.,11332,Canada,2013,MFC CN,CA56501R1064,84,C,,Public,AQ*,213835,195565,"(56.130366, -106.346771)"
Marathon Oil Corporation,11347,USA,2013,MRO US,US5658491064,,,,,NR,,,"(37.09024, -95.712891)"
Marathon Petroleum,36606,USA,2013,MPC US,US56585A1025,,,,Public,IN,,,"(37.09024, -95.712891)"
"Marsh & McLennan Companies, Inc.",11383,USA,2013,MMC US,US5717481023,98,B,,Public,AQ*,3429.21,97423.43,"(37.09024, -95.712891)"
MasterCard Incorporated,11421,USA,2013,MA US,US57636Q1040,43,,,Public,AQ*,3025.8,37825,"(37.09024, -95.712891)"
McDonald's Corporation,11581,USA,2013,MCD US,US5801351017,71,D,,Not public,AQ*,,,"(37.09024, -95.712891)"
McKesson Corporation,11585,USA,2013,MCK US,US58155Q1031,,,,Not public,DP,,,"(37.09024, -95.712891)"
"Medtronic, Inc.",11651,USA,2013,MDT US,US5850551061,61,D,,Public,AQ*,31460,170685,"(37.09024, -95.712891)"
"Merck & Co., Inc.",11765,USA,2013,MRK US,US58933Y1055,87,B,,Public,AQ*,1053000,927000,"(37.09024, -95.712891)"
"MetLife, Inc.",11796,USA,2013,MET US,US59156R1086,92,A-,,Not public,AQ*,,,"(37.09024, -95.712891)"
Microsoft Corporation,11930,USA,2013,MSFT US,US5949181045,96,A,,Public,AQ*,48516,1207419,"(37.09024, -95.712891)"
Mitsubishi Corporation,12112,Japan,2013,8058 JP,JP3898400001,67,D,,Not public,AQ*,,,"(36.204824, 138.252924)"
Mitsubishi Electric Corporation,12144,Japan,2013,6503 JP,JP3902400005,60,D,,Public,AQ*,322000,791000,"(36.204824, 138.252924)"
"Mitsubishi Estate Co., Ltd.",12145,Japan,2013,8802 JP,JP3899600005,76,C,,Not public,AQ*,,,"(36.204824, 138.252924)"
"Mitsubishi UFJ Financial Group, Inc.",12271,Japan,2013,8306 JP,JP3902900004,76,C,,Public,AQ*,18556,238444,"(36.204824, 138.252924)"
"Mitsui & Co., Ltd.",12272,Japan,2013,8031 JP,JP3893600001,78,C,,Not public,AQ*,,,"(36.204824, 138.252924)"
"Mitsui Fudosan Co., Ltd.",12295,Japan,2013,8801 JP,JP3893200000,73,B,,Not public,AQ*,,,"(36.204824, 138.252924)"
"Mizuho Financial Group, Inc.",12291,Japan,2013,8411 JP,JP3885780001,89,B,,Public,AQ*,16177.45,202850.31,"(36.204824, 138.252924)"
MMC Norilsk Nickel OSJC,7574,Russia,2013,GMKN RU,RU0007288411,,,,Not public,DP,,,"(61.52401, 105.318756)"
Mondelez International Inc,42037,USA,2013,MDLZ US,,91,B,,Public,AQ*,1075761,954755,"(37.09024, -95.712891)"
Monsanto Company,12330,USA,2013,MON US,US61166W1018,70,D,,Public,AQ*,1610000,539000,"(37.09024, -95.712891)"
Morgan Stanley,12406,USA,2013,MS US,US6174464486,96,A,,Public,AQ*,13757.46,330746.62,"(37.09024, -95.712891)"
MTN Group,12546,South Africa,2013,MTN SJ,ZAE000042164,76,D,,Public,AQ*,652790,384725,"(-30.559482, 22.937506)"
MTR Corporation,12552,Hong Kong,2013,66 HK,HK0066009694,87,C,,Public,AQ*,53568,1171764,"(22.396428, 114.109497)"
Munich Re,12611,Germany,2013,MUV2 GR,DE0008430026,91,A,,Public,AQ*,64755,87106,"(51.165691, 10.451526)"
Naspers,12789,South Africa,2013,NPN SJ,ZAE000015889,59,E,,Not public,AQ*,,,"(-30.559482, 22.937506)"
National Australia Bank,12798,Australia,2013,NAB AU,AU000000NAB4,91,A,,Public,AQ*,25363,171767,"(-25.274398, 133.775136)"
National Grid,12832,United Kingdom,2013,NG/ LN,GB00B08SNH34,98,B,,Public,AQ*,7913978,4547930,"(55.378051, -3.435973)"
"National Oilwell Varco, Inc.",12843,USA,2013,NOV US,US6370711011,,,,,NR,,,"(37.09024, -95.712891)"
Nestlé,12942,Switzerland,2013,NESN VX,CH0038863350,100,A,,Public,AQ*,3706080,3391319,"(46.818188, 8.227512)"
Newmont Mining Corporation,13117,USA,2013,NEM US,US6516391066,92,B,,Public,AQ*,4016150,1182740,"(37.09024, -95.712891)"
"NextEra Energy, Inc.",6672,USA,2013,NEE US,US65339F1012,,,,,NR,,,"(37.09024, -95.712891)"
NIKE Inc.,13279,USA,2013,NKE US,US6541061031,70,D,,Not public,AQ*,,,"(37.09024, -95.712891)"
Nippon Steel & Sumitomo Metal Corporation,13338,Japan,2013,5401 JP,JP3381000003,85,D,,Not public,AQ*,,,"(36.204824, 138.252924)"
Nippon Telegraph & Telephone Corporation (NTT),13298,Japan,2013,9432 JP,JP3735400008,95,B,,Public,AQ*,260000,3531000,"(36.204824, 138.252924)"
"Nissan Motor Co., Ltd.",13363,Japan,2013,7201 JP,JP3672400003,99,A,,Public,AQ*,835766,2432889,"(36.204824, 138.252924)"
"Noble Energy, Inc.",13395,USA,2013,NBL US,US6550441058,76,C,,Public,AQ*,2078600,61630,"(37.09024, -95.712891)"
"Nomura Holdings, Inc.",13351,Japan,2013,8604 JP,JP3762600009,86,B,,Public,AQ*,3629,95377,"(36.204824, 138.252924)"
Nordea Bank,13400,Sweden,2013,NDA SS,SE0000427361,93,B,,Public,AQ*,,64175,"(60.128161, 18.643501)"
Norfolk Southern Corp.,13425,USA,2013,NSC US,US6558441084,90,B,,Public,AQ*,4925238,252854,"(37.09024, -95.712891)"
Novartis,13524,Switzerland,2013,NOVN VX,CH0012005267,96,B,,Public,AQ*,637838,1013238,"(46.818188, 8.227512)"
Novatek,13542,Russia,2013,NVTK RM,RU000A0DKVS5,40,,,Public,AQ*,2336375,73460,"(61.52401, 105.318756)"
Novo Nordisk A/S,13520,Denmark,2013,NOVOB DC,DK0060102614,96,B,,Public,AQ*,38587,88294,"(56.26392, 9.501785)"
NTPC Ltd,12857,India,2013,NTPC IN,INE733E01010,,,,,NR,,,"(20.593684, 78.96288)"
"NTT DOCOMO, INC.",13575,Japan,2013,9437 JP,JP3165650007,75,B,,Public,AQ*,87648,1364600,"(36.204824, 138.252924)"
Occidental Petroleum Corporation,13649,USA,2013,OXY US,US6745991058,61,E,,Public,AQ*,14270000,5600000,"(37.09024, -95.712891)"
Oil & Natural Gas,13823,India,2013,ONGC IN,INE213A01029,,,,,NR,,,"(20.593684, 78.96288)"
Oracle Corporation,14013,USA,2013,ORCL US,US68389X1054,79,C,,Public,AQ*,16481,440773,"(37.09024, -95.712891)"
Orange,6764,France,2013,ORA FP,FR0000133308,85,B,,Public,AQ*,445424,1024182,"(46.227638, 2.213749)"
Oversea-Chinese Banking,21402,Singapore,2013,OCBC SP,SG1S04926220,3,,,Public,AQ*,,,"(1.352083, 103.819836)"
"PepsiCo, Inc.",14605,USA,2013,PEP US,US7134481081,94,B,,Public,AQ*,3854784,1928490,"(37.09024, -95.712891)"
Pernod Ricard,14562,France,2013,RI FP,FR0000120693,59,E,,Public,AQ*,283345,92502,"(46.227638, 2.213749)"
PETROCHINA Company Limited,14653,China,2013,857 HK,CNE1000003W8,,,,Public,AQ*,,,"(35.86166, 104.195397)"
Petróleo Brasileiro SA - Petrobras,14654,Brazil,2013,PETR4 BZ,BRPETRACNPR6,82,C,,Public,AQ*,65983676.38,1394740.09,"(-14.235004, -51.92528)"
Pfizer Inc.,14683,USA,2013,PFE US,US7170811035,91,B,,Public,AQ*,1217736,1155762,"(37.09024, -95.712891)"
Philip Morris International,14712,USA,2013,PM US,US7181721090,97,B,,Public,AQ*,441953,433892,"(37.09024, -95.712891)"
Phillips 66,44635,USA,2013,PSX US,,,,,,NR,,,"(37.09024, -95.712891)"
Picc Property & Casualty,23051,China,2013,2328 HK,CNE100000593,,,,,NR,,,"(35.86166, 104.195397)"
Ping An Insurance Company of China,14780,China,2013,2318 HK,CNE1000003X6,,,,Public,AQ*,,,"(35.86166, 104.195397)"
"PNC Financial Services Group, Inc.",14830,USA,2013,PNC US,US6934751057,89,B,,Public,AQ*,47606,398414,"(37.09024, -95.712891)"
POSCO,14929,South Korea,2013,005490 KS,KR7005490008,97,B,,Public,AQ*,73526000,3471000,"(35.907757, 127.766922)"
Potash Corporation of Saskatchewan Inc.,14943,Canada,2013,POT CN,CA73755L1076,71,C,,Public,AQ*,7649000,1700000,"(56.130366, -106.346771)"
Power Assets Holdings Limited,8559,Hong Kong,2013,6 HK,HK0006000050,96,B,,Public,AQ*,8960000,,"(22.396428, 114.109497)"
Power Financial Corporation,14961,Canada,2013,PWF CN,CA73927C1005,86,C,,Not public,AQ*,,,"(56.130366, -106.346771)"
"PPG Industries, Inc.",14926,USA,2013,PPG US,US6935061076,60,D,,Public,AQ*,4053000,1810000,"(37.09024, -95.712891)"
Prada,44262,Italy,2013,1913 HK,,,,,,NR,,,"(41.87194, 12.56738)"
"Praxair, Inc.",15027,USA,2013,PX US,US74005P1049,98,B,,Public,AQ*,5355000,11329000,"(37.09024, -95.712891)"
Precision Castparts Corp.,15040,USA,2013,PCP US,US7401891053,,,,,NR,,,"(37.09024, -95.712891)"
Priceline.Com Inc,22321,USA,2013,PCLN US,US7415034039,,,,,NR,,,"(37.09024, -95.712891)"
Procter & Gamble Company,15132,USA,2013,PG US,US7427181091,47,,,Public,AQ*,2799000,3028000,"(37.09024, -95.712891)"
"Prudential Financial, Inc.",15306,USA,2013,PRU US,US7443201022,63,C,,Public,AQ*,5090,70613,"(37.09024, -95.712891)"
Prudential PLC,15283,United Kingdom,2013,PRU LN,GB0007099541,70,D,,Public,AQ*,12499.6,114635.67,"(55.378051, -3.435973)"
PTT,15297,Thailand,2013,PTT TB,TH0646010007,84,B,,Public,AQ*,29332000,1583000,"(15.870032, 100.992541)"
PTT Exploration & Production Public Company Limited,15294,Thailand,2013,PTTEP TB,TH0355A10Z04,85,C,PTT,Public,AQ*,4431143,1649,"(15.870032, 100.992541)"
Public Bank BHD,15296,Malaysia,2013,PBK MK,MYL1295OO004,,,,,NR,,,"(4.210484, 101.975766)"
Public Storage,15279,USA,2013,PSA US,US74460D1090,,,,,NR,,,"(37.09024, -95.712891)"
QUALCOMM Inc.,15419,USA,2013,QCOM US,US7475251036,56,D,,Public,AQ*,64782,49216,"(37.09024, -95.712891)"
Raytheon Company,15541,USA,2013,RTN US,US7551115071,98,A,,Public,AQ*,101715,435872,"(37.09024, -95.712891)"
Reckitt Benckiser,15591,United Kingdom,2013,RB/ LN,GB00B24CGK77,99,B,,Public,AQ*,104933.87,208576.14,"(55.378051, -3.435973)"
Reliance Industries,15635,India,2013,RIL IN,INE002A01018,,,,,NR,,,"(20.593684, 78.96288)"
Repsol,15669,Spain,2013,REP SM,ES0173516115,98,B,,Public,AQ*,14062806,811243,"(40.463667, -3.74922)"
Reynolds American Inc.,15774,USA,2013,RAI US,US7617131062,70,B,,Public,AQ*,107093,167402,"(37.09024, -95.712891)"
Rio Tinto,15829,United Kingdom,2013,RIO LN,GB0007188757,88,B,,Public,AQ*,26900000,16400000,"(55.378051, -3.435973)"
Roche Holding AG,15841,Switzerland,2013,ROG VX,CH0012032048,96,B,,Public,AQ*,394063,432103,"(46.818188, 8.227512)"
Rogers Communications Inc.,15916,Canada,2013,RCI/B CN,CA7751092007,68,C,,Public,AQ*,38870,159819,"(56.130366, -106.346771)"
Rolls-Royce,15941,United Kingdom,2013,RR/ LN,GB00B63H8491,85,B,,Public,AQ*,213089.45,337064.01,"(55.378051, -3.435973)"
Rosneft,15969,Russia,2013,ROSN RM,RU000A0J2Q06,,,,,NR,,,"(61.52401, 105.318756)"
Royal Bank of Canada,15980,Canada,2013,RY CN,CA7800871021,77,D,,Public,AQ*,32046,127445,"(56.130366, -106.346771)"
Royal Bank of Scotland Group,15949,United Kingdom,2013,RBS LN,GB00B7T77214,88,B,,Public,AQ*,66586,497763,"(55.378051, -3.435973)"
Royal Dutch Shell,16012,Netherlands,2013,RDSA NA,GB00B03MLX29,90,B,,Public,AQ*,72000000,9000000,"(52.132633, 5.291266)"
Royal Philips,14709,Netherlands,2013,PHIA NA,NL0000009538,100,A,,Public,AQ*,442549,408517,"(52.132633, 5.291266)"
RWE AG,16036,Germany,2013,RWE GR,DE0007037129,93,B,,Public,AQ*,181690000,1940000,"(51.165691, 10.451526)"
S.A.C.I. Falabella,16080,Chile,2013,FALAB CI,CLP3880F1085,,,,Public,IN,,,"(-35.675147, -71.542969)"
SABMiller,16101,United Kingdom,2013,SAB LN,GB0004835483,74,B,,Public,AQ*,1009825,997465,"(55.378051, -3.435973)"
Saint-Gobain,16151,France,2013,SGO FP,FR0000125007,91,B,,Public,AQ*,12801000,4550000,"(46.227638, 2.213749)"
salesforce.com,16158,USA,2013,CRM US,US79466L3024,90,C,,Public,AQ*,2349.52,29428.55,"(37.09024, -95.712891)"
Sampo Oyj,16175,Finland,2013,SAMAS FH,FI0009003305,,,,,NR,,,"(61.92411, 25.748151)"
Samsung Electronics,16191,South Korea,2013,005930 KS,KR7005930003,99,A,,Public,AQ*,2098438,5388036,"(35.907757, 127.766922)"
Sands China LTD,31550,Hong Kong,2013,1928 HK,KYG7800X1079,,,,,SA,,,"(22.396428, 114.109497)"
Sandvik AB,16277,Sweden,2013,SAND SS,SE0000667891,64,C,,Not public,AQ*,,,"(60.128161, 18.643501)"
SANOFI,16299,France,2013,SAN FP,FR0000120578,97,A-,,Public,AQ*,694600,685707,"(46.227638, 2.213749)"
SAP AG,16339,Germany,2013,SAP GR,DE0007164600,98,A,,Public,AQ*,144298,43004,"(51.165691, 10.451526)"
Sasol Limited,16366,South Africa,2013,SOL SJ,ZAE000006896,96,B,,Public,AQ*,66895000,8553000,"(-30.559482, 22.937506)"
Sberbank Rossii,16386,Russia,2013,SBER RM,RU0009029540,,,,,NR,,,"(61.52401, 105.318756)"
Schlumberger Limited,16418,USA,2013,SLB US,AN8068571086,83,C,,Public,AQ*,2200000,550000,"(37.09024, -95.712891)"
Schneider Electric,16423,France,2013,SU FP,FR0000121972,97,A,,Public,AQ*,113238,345123,"(46.227638, 2.213749)"
"Seven & I Holdings Co., Ltd.",16728,Japan,2013,3382 JP,JP3422950000,82,B,,Public,AQ*,169619,2310530,"(36.204824, 138.252924)"
"Shin-Etsu Chemical Co., Ltd.",16839,Japan,2013,4063 JP,JP3371200001,61,C,,Public,AQ*,1525214.03,2950931.71,"(36.204824, 138.252924)"
Siam Cement,16913,Thailand,2013,SCC TB,TH0003010Z04,,,,,NR,,,"(15.870032, 100.992541)"
Siam Commercial Bank PCL,22097,Thailand,2013,SCB TB,TH0015010000,,,,,NR,,,"(15.870032, 100.992541)"
Siemens Aktiengesellschaft,16919,Germany,2013,SIE GR,DE0007236101,96,A-,,Public,AQ*,1042000,1385000,"(51.165691, 10.451526)"
Sime Darby Bhd,17053,Malaysia,2013,SIME MK,MYL4197OO009,65,D,,Not public,AQ*,,,"(4.210484, 101.975766)"
Simon Property Group,17069,USA,2013,SPG US,US8288061091,98,B,,Public,AQ*,21854,496006,"(37.09024, -95.712891)"
SingTel,13899,Singapore,2013,ST SP,SG1T75931496,76,C,,Public,AQ*,6896.52,177320.68,"(1.352083, 103.819836)"
Skandinaviska Enskilda Banken AB (SEB AB),22943,Sweden,2013,SEBA SS,SE0000148884,74,B,,Public,AQ*,,9308,"(60.128161, 18.643501)"
Societe Generale,17320,France,2013,GLE FP,FR0000130809,85,B,,Public,AQ*,31763,205871,"(46.227638, 2.213749)"
SoftBank Corporation,17344,Japan,2013,9984 JP,JP3436100006,,,,,NR,,,"(36.204824, 138.252924)"
Southern Copper Corporation,17435,Peru,2013,SCCO PE,US84265V1052,,,,,NR,,,"(-9.189967, -75.015152)"
Souza Cruz S.A.,17442,Brazil,2013,CRUZ3 BZ,BRCRUZACNOR0,,,British American Tobacco,,SA,,,"(-14.235004, -51.92528)"
Spectra Energy Corp,17527,USA,2013,SE US,US8475601097,98,A,,Public,AQ*,8381680,608390,"(37.09024, -95.712891)"
SSE,16558,United Kingdom,2013,SSE LN,GB0007908733,90,B,,Public,AQ*,24560110,1364652,"(55.378051, -3.435973)"
Standard Bank Group,17637,South Africa,2013,SBK SJ,ZAE000109815,71,C,,Public,AQ*,9198,363916,"(-30.559482, 22.937506)"
Standard Chartered,17624,United Kingdom,2013,STAN LN,GB0004082847,91,B,,Public,AQ*,26560,229122,"(55.378051, -3.435973)"
Starbucks Corporation,17652,USA,2013,SBUX US,US8552441094,86,C,,Public,AQ*,239972,792644,"(37.09024, -95.712891)"
State Bank of India,22352,India,2013,SBIN IN,INE062A01012,16,,,Public,AQ*,,,"(20.593684, 78.96288)"
State Street Corporation,17690,USA,2013,STT US,US8574771031,87,C,,Public,AQ*,10009.07,98756,"(37.09024, -95.712891)"
Statoil ASA,23132,Norway,2013,STL NO,NO0010096985,86,B,,Public,AQ*,15362600,409443,"(60.472024, 8.468946)"
Stryker Corporation,17815,USA,2013,SYK US,US8636671013,53,E,,Not public,AQ*,,,"(37.09024, -95.712891)"
Sumitomo Mitsui Financial Group,17899,Japan,2013,8316 JP,JP3890350006,86,B,,Not public,AQ*,,,"(36.204824, 138.252924)"
Sun Hung Kai Props,17894,Hong Kong,2013,16 HK,HK0016000132,,,,,NR,,,"(22.396428, 114.109497)"
Suncor Energy Inc.,17929,Canada,2013,SU CN,CA8672241079,94,B,,Public,AQ*,18608320,2232478,"(56.130366, -106.346771)"
Surgutneftegas,18032,Russia,2013,SNGSP RM,RU0009029524,23,,,Not public,AQ*,,,"(61.52401, 105.318756)"
Svenska Handelsbanken,18061,Sweden,2013,SHBA SS,SE0000193120,81,B,,Public,AQ*,41.47,4889.18,"(60.128161, 18.643501)"
Swire Properties,37376,Hong Kong,2013,1972 HK,HK0000063609,,,Swire Pacific,,SA,,,"(22.396428, 114.109497)"
Swiss Re,18114,Switzerland,2013,SREN VX,CH0126881561,92,A,,Public,AQ*,4850,8800,"(46.818188, 8.227512)"
Swisscom,18124,Switzerland,2013,SCMN VX,CH0008742519,97,A,,Public,AQ*,25459,46766,"(46.818188, 8.227512)"
Syngenta International AG,18141,Switzerland,2013,SYNN VX,CH0011037469,91,B,,Public,AQ*,733000,391000,"(46.818188, 8.227512)"
Sysco Corporation,18155,USA,2013,SYY US,US8718291078,66,C,,Public,AQ*,788200,336857,"(37.09024, -95.712891)"
T.GARANTİ BANKASI A.Ş.,21129,Turkey,2013,GARAN TI,TRAGARAN91N1,80,C,,Public,AQ*,15567.78,73993.85,"(38.963745, 35.243322)"
Taiwan Semiconductor Manufacturing,18280,Taiwan,2013,2330 TT,TW0002330008,90,B,,Public,AQ*,1563306,3042814,"(23.69781, 120.960515)"
Takeda Pharmaceutical Company Limited,18316,Japan,2013,4502 JP,JP3463000004,79,C,,Public,AQ*,238684,168509,"(36.204824, 138.252924)"
Target Corporation,18320,USA,2013,TGT US,US87612E1064,91,B,,Public,AQ*,527047,2489866,"(37.09024, -95.712891)"
Tata Consultancy Services,18287,India,2013,TCS IN,INE467B01029,89,A,,Public,AQ*,58961,300555,"(20.593684, 78.96288)"
TD Bank Group,19241,Canada,2013,TD CN,CA8911605092,94,A,,Public,AQ*,43289,64108,"(56.130366, -106.346771)"
Teck Resources Limited,21481,Canada,2013,TCK/B CN,CA8787422044,90,B,,Public,AQ*,2889517,293514,"(56.130366, -106.346771)"
Telefonica,18427,Spain,2013,TEF SM,ES0178430E18,95,B,,Public,AQ*,111124,1649137,"(40.463667, -3.74922)"
Telefonica Brasil S.A.,36639,Brazil,2013,VIVT4 BZ,BRVIVTACNPR7,,,Telefonica,,SA,,,"(-14.235004, -51.92528)"
Telekomunikasi Indonesia,18439,Indonesia,2013,TLKM IJ,ID1000129000,,,,,NR,,,"(-0.789275, 113.921327)"
Telenor Group,18435,Norway,2013,TEL NO,NO0010063308,95,A,,Public,AQ*,342073,787079,"(60.472024, 8.468946)"
TeliaSonera,18430,Sweden,2013,TLSN SS,SE0000667925,83,B,,Public,AQ*,35331,268482,"(60.128161, 18.643501)"
Telstra Corporation,18519,Australia,2013,TLS AU,AU000000TLS2,83,B,,Public,AQ*,53587,1374617,"(-25.274398, 133.775136)"
Tenaris S.A.,22531,Luxembourg,2013,TEN IM,LU0156801721,,,,,NR,,,"(49.815273, 6.129583)"
Tencent Holdings,18544,Hong Kong,2013,700 HK,KYG875721485,,,,,NR,,,"(22.396428, 114.109497)"
Tesco,18574,United Kingdom,2013,TSCO LN,GB0008847096,96,A-,,Public,AQ*,1418798,3764068,"(55.378051, -3.435973)"
Teva Pharmaceutical Industries Ltd,18586,Israel,2013,TEVA IT,IL0006290147,73,D,,Public,AQ*,377704.82,593981.97,"(31.046051, 34.851612)"
Texas Instruments Incorporated,18640,USA,2013,TXN US,US8825081040,64,D,,Public,AQ*,827274.44,1588465.81,"(37.09024, -95.712891)"
The Chubb Corporation,3293,USA,2013,CB US,US1712321017,52,D,,Public,AQ*,1129,10133,"(37.09024, -95.712891)"
The Coca-Cola Company,3564,USA,2013,KO US,US1912161007,90,A-,,Public,AQ*,2551626,1138377,"(37.09024, -95.712891)"
"The Home Depot, Inc.",8526,USA,2013,HD US,US4370761029,99,A-,,Public,AQ*,250224,2529646,"(37.09024, -95.712891)"
The Southern Company,18951,USA,2013,SO US,US8425871071,,,,Public,IN,,,"(37.09024, -95.712891)"
"The Travelers Companies, Inc.",19377,USA,2013,TRV US,US89417E1091,63,C,,Public,AQ*,35633,48175,"(37.09024, -95.712891)"
Thermo Fisher Scientific Inc.,19016,USA,2013,TMO US,US8835561023,75,D,,Public,AQ*,64863,297992,"(37.09024, -95.712891)"
Thomson Reuters Corporation,19075,USA,2013,TRI US,CA8849031056,95,B,,Public,AQ*,,,"(37.09024, -95.712891)"
Time Warner Cable Inc.,19120,USA,2013,TWC US,US88732J2078,,,,,NR,,,"(37.09024, -95.712891)"
Time Warner Inc.,19119,USA,2013,TWX US,US8873173038,,,,Public,AQ*,23777,194010,"(37.09024, -95.712891)"
"TJX Companies, Inc.",19145,USA,2013,TJX US,US8725401090,98,B,,Public,AQ*,63084,686955,"(37.09024, -95.712891)"
"Tokio Marine Holdings, Inc.",19184,Japan,2013,8766 JP,JP3910660004,83,B,,Public,AQ*,17918,70971,"(36.204824, 138.252924)"
Total,19257,France,2013,FP FP,FR0000120271,81,C,,Public,AQ*,47000000,4400000,"(46.227638, 2.213749)"
Toyota Motor Corporation,19290,Japan,2013,7203 JP,JP3633400001,96,B,,Public,AQ*,2727000,4499000,"(36.204824, 138.252924)"
TransCanada Corporation,19304,Canada,2013,TRP CN,CA89353D1078,91,B,,Public,AQ*,12186545,231494,"(56.130366, -106.346771)"
Tullow Oil,19589,United Kingdom,2013,TLW LN,GB0001500809,72,B,,Public,AQ*,579834.45,122,"(55.378051, -3.435973)"
Twenty-First Century Fox,13126,USA,2013,FOX US,,97,A-,,Public,AQ*,62360,376022,"(37.09024, -95.712891)"
U.S. Bancorp,19593,USA,2013,USB US,US9029733048,78,C,,Public,AQ*,38055,370672,"(37.09024, -95.712891)"
UBS,22416,Switzerland,2013,UBSN VX,CH0024899483,92,A-,,Public,AQ*,21838,172421,"(46.818188, 8.227512)"
Unibail-Rodamco,19789,France,2013,UL FP,FR0000124711,79,B,,Public,AQ*,15429,66533,"(46.227638, 2.213749)"
UniCredit,19794,Italy,2013,UCG IM,IT0004781412,77,C,,Public,AQ*,67424.93,308347.8,"(41.87194, 12.56738)"
Unilever Nv Cva,22285,Netherlands,2013,UNA NA,NL0000009355,,,Unilever plc,,SA,,,"(52.132633, 5.291266)"
Unilever plc,19829,United Kingdom,2013,ULVR LN,GB00B10RZP78,85,A,,Public,AQ*,1053344,907399,"(55.378051, -3.435973)"
Union Pacific Corporation,19845,USA,2013,UNP US,US9078181081,98,B,,Public,AQ*,11595509,407176,"(37.09024, -95.712891)"
United Overseas Bank,19894,Singapore,2013,UOB SP,SG1M31001969,,,,,NR,,,"(1.352083, 103.819836)"
United Technologies Corporation,19859,USA,2013,UTX US,US9130171096,87,B,,Public,AQ*,801694,880896,"(37.09024, -95.712891)"
UnitedHealth Group Inc,19858,USA,2013,UNH US,US91324P1021,98,B,,Public,AQ*,8693.78,104200.46,"(37.09024, -95.712891)"
UPS,19898,USA,2013,UPS US,US9113121068,99,A-,,Public,AQ*,11715635,823212,"(37.09024, -95.712891)"
Uralkali,20047,Russia,2013,URKA RU,RU0007661302,41,,,Not public,AQ*,,,"(61.52401, 105.318756)"
Vale,20050,Brazil,2013,VALE3 BZ,BRVALEACNOR0,98,B,,Public,AQ*,16403834.28,1469166.84,"(-14.235004, -51.92528)"
"Valeant Pharmaceuticals International, Inc.",31831,Canada,2013,VRX US,CA91911K1021,,,,,NR,,,"(56.130366, -106.346771)"
Valero Energy Corporation,20048,USA,2013,VLO US,US91913Y1001,,,,Public,IN,,,"(37.09024, -95.712891)"
Ventas Inc,22873,USA,2013,VTR US,US92276F1003,85,C,,Public,AQ*,43381,314379,"(37.09024, -95.712891)"
Verizon Communications Inc.,20175,USA,2013,VZ US,US92343V1044,84,B,,Public,AQ*,512899.04,5334874.05,"(37.09024, -95.712891)"
Viacom Inc.,20159,USA,2013,VIAB US,US92553P2011,60,D,,Not public,AQ*,,,"(37.09024, -95.712891)"
Vinci,20205,France,2013,DG FP,FR0000125486,93,B,,Public,AQ*,2195535,193548,"(46.227638, 2.213749)"
Visa,22867,USA,2013,V US,US92826C8394,61,D,,Public,AQ*,8151,68313,"(37.09024, -95.712891)"
Vivendi SA,20319,France,2013,VIV FP,FR0000127771,69,D,,Public,AQ*,90755,345818,"(46.227638, 2.213749)"
Vodacom Group,22902,South Africa,2013,VOD SJ,ZAE000132577,94,B,,Public,AQ*,45850.61,401703.25,"(-30.559482, 22.937506)"
Vodafone Group,20316,United Kingdom,2013,VOD LN,GB00B16GWD56,85,B,,Public,AQ*,404885,2178178,"(55.378051, -3.435973)"
Volkswagen AG,20309,Germany,2013,VOW3 GR,DE0007664039,99,A,,Public,AQ*,4133581,4572344,"(51.165691, 10.451526)"
Volvo,20273,Sweden,2013,VOLVB SS,SE0000115446,73,C,,Not public,AQ*,,,"(60.128161, 18.643501)"
VTB Bank,20356,Russia,2013,VTBR RU,RU000A0JP5V6,,,,,NR,,,"(61.52401, 105.318756)"
Wal Mart de Mexico,20332,Mexico,2013,WALMEXV MM,MXP810081010,71,C,"Wal-Mart Stores, Inc.",Public,AQ*,851495,1078080,"(23.634501, -102.552784)"
Walgreen Company,20398,USA,2013,WAG US,US9314221097,86,C,,Not public,AQ*,,,"(37.09024, -95.712891)"
"Wal-Mart Stores, Inc.",20402,USA,2013,WMT US,US9311421039,94,A-,,Public,AQ*,5605099,15581135,"(37.09024, -95.712891)"
Walt Disney Company,20384,USA,2013,DIS US,US2546871060,78,C,,Public,AQ*,867353,899027,"(37.09024, -95.712891)"
Want Want China Holdings Ltd.,21395,Hong Kong,2013,151 HK,KYG9431R1039,,,,,NR,,,"(22.396428, 114.109497)"
"WellPoint, Inc.",20595,USA,2013,WLP US,US94973V1070,57,C,,Public,AQ*,7460,114199,"(37.09024, -95.712891)"
Wells Fargo & Company,20575,USA,2013,WFC US,US9497461015,96,A,,Public,AQ*,93904,1333372,"(37.09024, -95.712891)"
Wesfarmers,20592,Australia,2013,WES AU,AU000000WES1,77,B,,Public,AQ*,2508924,2790505,"(-25.274398, 133.775136)"
Westfield Group,20629,Australia,2013,WDC AU,AU000000WDC7,85,B,,Public,AQ*,25187,458569,"(-25.274398, 133.775136)"
Westpac Banking Corporation,19051,Australia,2013,WBC AU,AU000000WBC1,91,A,,Public,AQ*,12134,176648,"(-25.274398, 133.775136)"
Wharf Holdings,20608,Hong Kong,2013,4 HK,HK0004000045,,,,,NR,,,"(22.396428, 114.109497)"
"Williams Companies, Inc.",20705,USA,2013,WMB US,US9694571004,,,,,NR,,,"(37.09024, -95.712891)"
Woodside Petroleum,20771,Australia,2013,WPL AU,AU000000WPL2,72,C,,Public,AQ*,9889254,8455,"(-25.274398, 133.775136)"
Woolworths Limited,20780,Australia,2013,WOW AU,AU000000WOW2,96,B,,Public,AQ*,383871,2499051,"(-25.274398, 133.775136)"
WPP Group,20789,United Kingdom,2013,WPP LN,JE00B8KF9B49,95,B,,Public,AQ*,9859,164206,"(55.378051, -3.435973)"
Xstrata,20903,Switzerland,2013,XTA LN,GB0031411001,82,C,,Not public,AQ*,,,"(46.818188, 8.227512)"
Yahoo Japan Corporation,20906,Japan,2013,4689 JP,JP3933800009,15,,,Not public,AQ*,,,"(36.204824, 138.252924)"
Yahoo! Inc.,20905,USA,2013,YHOO US,US9843321061,91,B,,Public,AQ*,4002.04,333290.8,"(37.09024, -95.712891)"
"Yum! Brands, Inc.",20917,USA,2013,YUM US,US9884981013,92,B,,Public,AQ*,156510,2377372,"(37.09024, -95.712891)"
Zurich Insurance Group,21064,Switzerland,2013,ZURN VX,CH0011075394,65,C,,Not public,AQ*,,,"(46.818188, 8.227512)"
